{"count":1,"self":779.3601536,"total":1817.3480972,"children":{"InitializeActuators":{"count":3,"self":0.0009979,"total":0.0009979,"children":null},"InitializeSensors":{"count":3,"self":0.0009992,"total":0.0009992,"children":null},"AgentSendState":{"count":767151,"self":3.2580723999999996,"total":16.7643543,"children":{"CollectObservations":{"count":500088,"self":7.5519032,"total":7.5519029999999994,"children":null},"WriteActionMask":{"count":500088,"self":0.4081995,"total":0.4081995,"children":null},"RequestDecision":{"count":500088,"self":1.3543009,"total":5.5461792999999995,"children":{"AgentInfo.ToProto":{"count":500088,"self":1.285873,"total":4.1918784,"children":{"GenerateSensorData":{"count":500088,"self":2.9060053999999997,"total":2.9060053999999997,"children":null}}}}}}},"DecideAction":{"count":767151,"self":988.65725439999994,"total":988.65729849999991,"children":null},"AgentAct":{"count":767151,"self":32.544304,"total":32.5443052,"children":null},"AgentInfo.ToProto":{"count":1326,"self":0.0099811,"total":0.0199896,"children":{"GenerateSensorData":{"count":1326,"self":0.0100085,"total":0.0100085,"children":null}}}},"gauges":{"ShooterFlow.CumulativeReward":{"count":1326,"max":-218.596237,"min":-266.9453,"runningAverage":-251.791046,"value":-253.14534,"weightedAverage":-250.509155}},"metadata":{"timer_format_version":"0.1.0","start_time_seconds":"1780826632","unity_version":"2022.3.62f3","command_line_arguments":"C:\\Program Files\\Unity\\Hub\\Editor\\2022.3.62f3\\Editor\\Unity.exe -projectpath D:\\projects\\unity\\MGU\\MGU_project","communication_protocol_version":"1.5.0","com.unity.ml-agents_version":"2.0.1","scene_name":"ShooterTraining","end_time_seconds":"1780828449"}}